{
  "best_hp": {
    "lr": 5.765605409776694e-05,
    "weight_decay": 5.341719827804116e-06,
    "dropout": 0.20624298935656804,
    "label_smoothing": 0.0971316548013392,
    "pos_scale": 1.012997519356122
  },
  "best_val_f1_mal": 0.29982363315696653
}